City Name,City ID,Latitude,Longitude,Temp °F,Humidity %,Wind Speed (mph),Cloudiness %,Country
Muisne,3653967,0.6,-80.0333,78.57,86,4.03,97,EC
Acheng,2038679,45.5454,126.977,-7.6,84,6.71,100,CN
Punta Arenas,3874787,-53.15,-70.9167,53.6,62,18.41,0,CL
Lavrentiya,4031637,65.5833,-171.0,-9.15,79,0.63,0,RU
Sørland,3137469,67.667,12.6934,35.22,79,19.93,8,NO
Barrow,5880054,71.2906,-156.7887,-5.8,77,16.11,40,US
Santiago,3871336,-33.4569,-70.6483,72.0,77,11.5,0,CL
Gwadar,1177446,25.1216,62.3254,64.27,59,5.44,0,PK
Rikitea,4030556,-23.1203,-134.9692,78.78,68,9.57,45,PF
Pathein,1328421,16.7833,94.7333,73.08,80,5.44,0,MM
Coquimbo,3893629,-29.9533,-71.3436,60.8,82,10.36,0,CL
Gari,1506676,59.4307,62.3497,-5.37,92,12.64,100,RU
Bluff,2206939,-46.6,168.3333,61.23,70,7.07,0,NZ
Adrar,2381972,20.5022,-10.0711,57.54,40,12.21,100,MR
Salalah,286621,17.0151,54.0924,73.4,68,5.75,75,OM
Erdenet,2031405,49.0333,104.0833,-0.35,83,3.74,26,MN
Hobart,2163355,-42.8794,147.3294,68.0,67,16.11,75,AU
Pangai,4032369,-19.8,-174.35,82.4,89,9.22,75,TO
Binga,895057,-17.6203,27.3414,71.67,91,2.01,90,ZW
Butaritari,2110227,3.0707,172.7902,81.14,80,20.54,44,KI
Kumul,1529484,42.8,93.45,30.76,76,6.31,100,CN
Khatanga,2022572,71.9667,102.5,-35.48,78,8.43,0,RU
Novy Urengoy,1496511,66.0833,76.6333,-17.86,87,13.98,100,RU
Mehamn,778707,71.0357,27.8492,25.72,93,21.52,100,NO
Kapaa,5848280,22.0752,-159.319,75.99,53,5.75,75,US
Muskegon,5003136,43.3,-86.1334,18.0,86,5.75,90,US
Schwaz,7872634,47.3391,11.7336,37.99,81,13.8,97,AT
Pevek,2122090,69.7008,170.3133,-6.09,87,5.61,0,RU
Lebu,3883457,-37.6167,-73.65,58.21,94,2.51,84,CL
Provideniya,4031574,64.3833,-173.3,1.76,88,4.85,5,RU
Hurghada,361291,27.2574,33.8129,62.04,56,9.15,0,EG
Tilichiki,2120591,60.4667,166.1,16.02,88,17.69,100,RU
Vaini,4032243,-21.2,-175.2,84.2,84,12.66,75,TO
Baykit,1510689,61.67,96.37,18.66,94,6.08,100,RU
Atuona,4020109,-9.8,-139.0333,80.13,78,19.84,51,PF
Narsaq,3421719,60.9167,-46.05,23.16,81,3.65,100,GL
Cabinda,2243271,-5.55,12.2,79.63,87,8.37,100,AO
Cap Malheureux,934649,-19.9842,57.6142,75.99,85,1.01,1,MU
Tongling,1792621,30.95,117.7833,53.62,73,0.92,37,CN
São João da Barra,3448903,-21.6403,-41.0511,71.4,95,14.85,100,BR
Albanel,5883074,48.8832,-72.4487,12.2,85,8.05,89,CA
Port Macquarie,2152659,-31.4333,152.9167,84.0,51,1.99,100,AU
Mbandaka,2312895,0.0487,18.2603,74.41,81,3.47,6,CD
Korla,1529376,41.7597,86.1469,25.39,85,2.08,41,CN
Severo-Kuril'sk,2121385,50.6789,156.125,23.09,92,18.12,94,RU
Lata,2738381,40.1629,-8.3327,51.01,82,3.0,41,PT
Byron Bay,2172880,-28.65,153.6167,84.2,65,8.05,100,AU
Port Elizabeth,964420,-33.918,25.5701,69.8,78,19.57,0,ZA
Bethel,5282297,41.3712,-73.414,41.0,38,4.61,1,US
Albany,5106841,42.6001,-73.9662,27.0,42,4.5,0,US
Cabo San Lucas,3985710,22.8909,-109.9124,73.0,53,8.05,20,MX
Padang,1633419,-0.9492,100.3543,71.6,88,2.3,20,ID
Ushuaia,3833367,-54.8,-68.3,51.8,76,18.41,40,AR
Kavaratti,1267390,10.5669,72.642,81.45,58,8.61,78,IN
Avarua,4035715,-21.2078,-159.775,86.0,70,11.5,41,CK
Kyren,2021031,51.6828,102.1408,6.37,80,2.1,20,RU
Valentín Gómez Farías,3980683,28.2167,-106.5833,64.0,23,5.01,26,MX
Chernyshevskiy,2025456,63.0128,112.4714,-29.06,87,2.26,100,RU
Salinópolis,3389822,-0.6136,-47.3561,78.89,87,10.36,99,BR
San Patricio,4726521,28.017,-97.5169,71.6,43,10.36,1,US
Hastings,2647356,50.8552,0.5729,37.99,87,7.0,100,GB
Mahébourg,934322,-20.4081,57.7,77.0,83,4.61,40,MU
Birao,240210,10.2849,22.7882,59.45,32,7.72,0,CF
Khovd,1516048,48.0056,91.6419,6.33,90,1.5,0,MN
Luanda,2240449,-8.8368,13.2343,78.8,83,9.22,40,AO
Mallow,2962714,52.1333,-8.6333,37.4,87,8.05,20,IE
New Norfolk,2155415,-42.7826,147.0587,68.0,51,1.99,74,AU
Joniškis,598796,56.2403,23.6153,10.4,92,2.3,90,LT
Alta Floresta,6316343,-9.8756,-56.0861,71.13,99,3.51,100,BR
Barabai,1650064,-2.5833,115.3833,81.34,83,0.96,96,ID
Cherskiy,2126199,68.75,161.3,-3.59,81,4.12,0,RU
Katsuura,2112309,35.1333,140.3,53.6,54,3.44,20,JP
Madang,2091996,-5.2246,145.7966,86.52,65,2.33,49,PG
Exeter,2649808,50.7236,-3.5275,37.99,93,7.07,63,GB
Berlevåg,780687,70.8578,29.0864,26.76,94,25.32,100,NO
Pak Phanang,1608033,8.3511,100.202,75.2,94,8.46,20,TH
Norman Wells,6089245,65.282,-126.8329,-25.6,68,2.3,75,CA
Fortuna,5563839,40.5982,-124.1573,52.0,87,11.5,1,US
Gachsaran,136014,30.3586,50.7981,51.8,100,4.61,90,IR
Bua Yai,1611492,15.5855,102.4259,69.26,72,6.87,0,TH
Saint-Philippe,935215,-21.3585,55.7679,78.8,73,4.61,75,RE
Havelock,4470244,34.8791,-76.9013,45.0,57,6.91,90,US
Yellowknife,6185377,62.456,-114.3525,-36.4,67,2.3,1,CA
Hannibal,4389418,39.7084,-91.3585,14.0,73,6.91,75,US
Halifax,6324729,44.6453,-63.5724,33.8,75,16.11,18,CA
Orotukan,2122414,62.2667,151.7,-14.31,85,2.71,100,RU
Puerto Ayora,3652764,-0.7393,-90.3518,77.0,93,3.0,49,EC
Hilo,5855927,19.7297,-155.09,78.8,47,9.22,40,US
Tuatapere,2180815,-46.1333,167.6833,71.89,45,4.14,2,NZ
College,5859699,64.8569,-147.8028,-4.0,71,0.89,90,US
Nelson Bay,2155562,-32.7167,152.15,81.0,69,8.05,100,AU
Mar del Plata,3430863,-38.0023,-57.5575,64.0,77,10.36,20,AR
Kuloy,539385,61.0305,42.4925,-10.82,90,8.14,100,RU
Thinadhoo,1337610,0.5333,72.9333,81.28,74,12.26,0,MV
Kuminskiy,1501429,58.6667,66.5667,31.75,99,11.05,100,RU
Kavieng,2094342,-2.5744,150.7967,85.21,64,1.03,35,PG
Davila,1715335,18.4726,120.5763,75.2,83,2.3,75,PH
Sioux Lookout,6148373,50.1001,-91.917,-13.0,64,11.5,90,CA
Marzuq,72181,14.4,46.4667,56.75,69,2.17,0,YE
Champerico,3598787,14.3,-91.9167,84.2,61,6.91,20,GT
Souillac,933995,-20.5167,57.5167,77.0,83,4.61,40,MU
Ludvika,2693759,60.1496,15.1878,18.0,92,6.91,40,SE
Cikampek,1646698,-6.4197,107.4558,78.8,94,4.61,75,ID
Mataura,6201424,-46.1927,168.8643,80.73,48,1.72,0,NZ
Hithadhoo,1282256,-0.6,73.0833,81.34,76,13.38,0,MV
Flin Flon,5954718,54.7682,-101.865,-25.6,62,6.91,1,CA
Bredasdorp,1015776,-34.5322,20.0403,66.99,91,5.19,95,ZA
San Policarpo,1688696,12.1791,125.5072,80.82,84,16.08,100,PH
Qaanaaq,3831208,77.484,-69.3632,10.04,86,8.48,100,GL
San Quintín,3984997,30.4833,-115.95,61.97,67,9.17,0,MX
Torbay,6167817,47.6666,-52.7314,45.0,93,20.71,40,CA
Saskylakh,2017155,71.9167,114.0833,-41.19,78,7.43,24,RU
Saposoa,3692029,-6.934,-76.7716,77.0,100,0.56,75,PE
Ribeira Grande,3372707,38.5167,-28.7,61.05,88,23.04,100,PT
Upernavik,3418910,72.7868,-56.1549,18.59,75,3.47,0,GL
Nikolskoye,546105,59.7035,30.7861,10.4,79,17.9,75,RU
Itanagar,1269655,27.1,93.6167,56.3,51,3.02,16,IN
Chokurdakh,2126123,70.6333,147.9167,-20.72,86,3.58,100,RU
Nabire,1634614,-3.3667,135.4833,79.74,75,0.43,100,ID
Yining,1786538,29.0361,114.5636,56.86,77,0.94,0,CN
Kysyl-Syr,2021017,63.8986,122.7617,-33.34,82,8.05,90,RU
Tiksi,2015306,71.6872,128.8694,-26.0,84,4.85,100,RU
Arman',2127060,59.7,150.1667,10.42,87,15.08,100,RU
Daru,2098329,-9.0763,143.2092,87.51,65,10.13,6,PG
Aklavik,5882953,68.2191,-135.0107,-7.6,71,11.5,90,CA
Narovchat,523415,53.8765,43.6946,-7.04,90,10.83,98,RU
St. George's,3579925,12.0564,-61.7485,77.0,78,11.5,20,GD
Comodoro Rivadavia,3860443,-45.8667,-67.5,57.2,72,9.22,40,AR
Río Gallegos,3838859,-51.6226,-69.2181,59.0,41,4.61,0,AR
Castro,3466704,-24.7911,-50.0119,60.3,96,9.78,8,BR
Busselton,2075265,-33.65,115.3333,60.01,97,1.99,100,AU
Caririaçu,3402882,-7.0422,-39.2836,73.26,50,4.7,4,BR
Gizo Government Station,2108857,-8.103,156.8419,83.08,74,0.83,99,SB
Nokha,1261227,27.6,73.4167,54.25,39,6.58,0,IN
Mossamedes,3347019,-15.1961,12.1522,70.54,79,5.73,34,AO
Karratha,6620339,-20.7377,116.8463,81.75,52,8.63,0,AU
Port Lincoln,2063036,-34.7333,135.8667,63.05,67,11.99,99,AU
Dauriya,2025099,49.9333,116.8667,-12.48,87,3.18,100,RU
Jamestown,5122534,42.097,-79.2353,17.6,53,6.91,1,US
Pimampiro,3653146,0.4,-77.9667,60.64,75,2.46,39,EC
Tautira,4033557,-17.7333,-149.15,86.0,58,14.97,20,PF
Airai,1651810,-8.9266,125.4092,70.84,78,4.32,74,TL
Husavik,2629833,66.0449,-17.3389,32.0,74,3.44,75,IS
Severo-Yeniseyskiy,1492566,60.3725,93.0408,18.45,97,10.58,100,RU
Moussoro,2427336,13.6408,16.4901,64.44,25,12.1,68,TD
Broome,5110365,42.2506,-75.833,24.8,33,3.44,1,US
Tahoua,2439376,14.8888,5.2692,73.4,21,2.3,0,NE
Lishan,1803267,31.8576,113.2951,52.03,60,0.56,21,CN
Yangi Marg`ilon,1513491,40.4272,71.7189,39.2,60,2.3,99,UZ
Hobyo,57000,5.3505,48.5268,76.73,79,15.77,64,SO
Honiara,2108502,-9.4333,159.95,78.66,86,7.85,100,SB
East London,1006984,-33.0153,27.9116,74.55,87,14.99,74,ZA
Manggar,1636426,-2.8833,108.2667,81.9,78,12.66,100,ID
Chinhoyi,893697,-17.3667,30.2,65.1,96,4.05,100,ZW
Yidu,1919445,24.1614,115.1328,68.67,51,1.9,0,CN
Cidreira,3466165,-30.1811,-50.2056,68.36,76,4.07,15,BR
Vardø,777019,70.3705,31.1107,26.67,96,28.86,100,NO
Vera Cruz,3445307,-12.6333,-41.0333,70.54,88,3.22,93,BR
Thompson,6165406,55.7435,-97.8558,-27.4,68,13.8,75,CA
Cape Town,3369157,-33.9258,18.4232,70.0,88,9.22,20,ZA
Bilma,2446796,18.6853,12.9164,60.51,28,6.02,0,NE
Zyryanka,2119283,65.75,150.85,-14.98,84,9.08,0,RU
Koutiala,2454268,12.3917,-5.4642,81.01,16,7.31,100,ML
Port Alfred,964432,-33.5906,26.891,68.0,88,5.01,39,ZA
Carndonagh,2965761,55.25,-7.2667,37.71,78,17.54,97,IE
Poum,2138555,-20.2333,164.0167,79.99,68,4.83,0,NC
Kahului,5847411,20.8947,-156.47,78.8,47,10.36,20,US
Roanoke Rapids,4488232,36.4615,-77.6542,46.99,61,3.44,90,US
Hermanus,3366880,-34.4187,19.2345,66.99,91,3.51,100,ZA
Dikson,1507390,73.5069,80.5464,-28.1,86,9.6,90,RU
Dunedin,2191562,-45.8742,170.5036,60.01,79,25.01,0,NZ
Coyhaique,3894426,-45.5752,-72.0662,71.6,35,18.41,0,CL
Pazarić,3193563,43.7886,18.1608,37.4,100,1.14,92,BA
Porto Santo,8010683,33.072,-16.3415,59.0,63,12.66,40,PT
Fairbanks,5861897,64.8378,-147.7164,-4.0,77,0.87,90,US
San Cristobal,3628473,7.7669,-72.225,82.4,65,2.3,100,VE
Zbarazh,687455,49.6636,25.7762,19.87,89,9.31,100,UA
Kuril'sk,2123979,45.2333,147.8833,18.21,90,12.3,100,RU
Palekastro,256155,35.2,26.25,57.99,90,7.56,1,GR
Otjimbingwe,3353871,-22.35,16.1333,76.14,31,2.89,0,NA
Saint Paul Harbor,5866583,57.79,-152.4072,37.4,60,9.22,1,US
Arraial do Cabo,3471451,-22.9661,-42.0278,75.34,83,5.82,100,BR
Teya,1489656,60.3778,92.6267,20.46,94,7.92,100,RU
Paamiut,3421193,61.994,-49.6678,26.78,81,2.98,70,GL
Hong Kong,1819729,22.2855,114.1577,69.01,65,9.28,0,HK
Clyde River,5924351,70.4692,-68.5914,-9.4,77,4.27,75,CA
Carnarvon,2074865,-24.8667,113.6333,82.4,100,14.97,75,AU
Shiroishi,2111016,38.0033,140.6183,48.0,65,5.75,75,JP
Moose Factory,6078372,51.2585,-80.6094,-4.0,71,5.75,90,CA
Zhigalovo,2012532,54.8097,105.1578,8.22,93,2.64,100,RU
Kandi,2393693,11.1342,2.9386,74.52,22,4.63,0,BJ
Inhambane,1045114,-23.865,35.3833,76.37,89,7.96,100,MZ
Thunder Bay,6166142,48.4001,-89.3168,-5.8,59,19.57,90,CA
Kruisfontein,986717,-34.0033,24.7314,64.0,88,1.01,0,ZA
Dingle,1714733,10.9995,122.6711,80.64,82,13.38,46,PH
Igarka,1505991,67.4667,86.5833,-23.12,84,9.64,0,RU
Anagé,3472298,-14.6122,-41.1356,73.02,87,4.45,100,BR
Vestmannaeyjar,3412093,63.4427,-20.2734,39.18,72,27.63,0,IS
Bengkulu,1649150,-3.8004,102.2655,79.23,71,7.18,100,ID
Raudeberg,3146487,61.9875,5.1352,23.0,73,6.91,0,NO
George Town,1735106,5.4112,100.3354,80.01,83,2.3,20,MY
Nouadhibou,2377457,20.931,-17.0347,60.8,72,17.27,0,MR
Port Blair,1259385,11.6667,92.75,78.93,74,8.12,0,IN
Slidell,4341727,30.2752,-89.7812,52.0,93,4.61,90,US
Rocha,3440777,-34.4833,-54.3333,63.97,93,4.68,0,UY
Ciudad Bolivar,3645532,8.1222,-63.5497,79.83,63,17.27,100,VE
Grimshaw,5967157,56.1834,-117.6027,-20.2,69,9.22,1,CA
Mvangué,2225703,2.9667,11.5167,70.0,92,4.03,67,CM
Paris,2988507,48.8534,2.3488,46.0,93,6.91,90,FR
Tuktoyaktuk,6170031,69.4541,-133.0374,-16.6,76,21.85,90,CA
Meulaboh,1214488,4.1363,96.1285,76.89,88,5.66,82,ID
Maceió,3395981,-9.6658,-35.7353,77.0,88,9.22,0,BR
Forbes,2166368,-33.3833,148.0167,78.1,38,9.46,7,AU
Kaitangata,2208248,-46.2817,169.8464,64.99,72,8.99,11,NZ
Saldanha,3361934,-33.0117,17.9442,65.86,90,13.02,0,ZA
Cibitoke Province,430020,-2.8833,29.25,64.38,83,2.01,100,BI
Vila Franca do Campo,3372472,37.7167,-25.4333,59.0,94,23.02,75,PT
Saltpond,2295672,5.2091,-1.0606,79.92,85,13.47,0,GH
San Jerónimo,3929611,-11.9472,-75.2829,51.84,73,4.45,82,PE
Iqaluit,5983720,63.7506,-68.5145,26.6,74,13.8,90,CA
Kirakira,2178753,-10.4544,161.9205,78.26,88,6.58,100,SB
Lubango,3347762,-14.9172,13.4925,63.99,54,1.03,100,AO
Cururupu,3401148,-1.8283,-44.8683,76.6,89,3.24,90,BR
Balabac,1728675,7.9868,117.0645,81.86,78,16.96,100,PH
Togur,1489499,58.3631,82.8265,32.99,95,12.26,100,RU
Khudumelapye,933633,-23.8833,24.75,64.17,96,9.35,100,BW
Pokhara,1282898,28.2333,83.9833,47.44,49,4.07,0,NP
Homer,5864145,59.6425,-151.5483,35.6,64,5.75,20,US
Saint George,5546220,37.1041,-113.5841,60.8,14,10.36,1,US
Fomboni,921889,-12.28,43.7425,84.07,69,8.23,54,KM
Tasiilaq,3424607,65.6145,-37.6368,33.8,55,28.77,75,GL
Ulladulla,2145554,-35.35,150.4667,78.01,57,5.75,40,AU
Golyshmanovo,1506422,56.3979,68.3728,30.88,99,13.29,100,RU
Lüderitz,3355672,-26.6481,15.1594,68.13,66,21.56,0,NA
Grand-Santi,3381538,4.25,-54.3833,72.93,97,2.77,100,GF
Arrondissement de Muret,2991152,43.3333,1.25,46.4,93,18.41,75,FR
Bathsheba,3374083,13.2167,-59.5167,77.0,73,11.5,20,BB
Bandarbeyla,64814,9.4942,50.8122,74.86,81,11.45,0,SO
Pisco,3932145,-13.7,-76.2167,73.4,78,9.22,75,PE
Pangkalanbuun,1632694,-2.6833,111.6167,79.54,88,3.62,100,ID
Umarkot,1162959,25.3616,69.7362,52.81,42,1.88,0,PK
Beringovskiy,2126710,63.05,179.3167,-6.21,90,9.75,84,RU
Huaral,3939285,-11.495,-77.2078,71.6,78,11.5,75,PE
Lompoc,5367788,34.6391,-120.4579,64.0,67,9.22,1,US
Quelimane,1028434,-17.8786,36.8883,82.4,89,3.27,20,MZ
Healdsburg,5356012,38.6105,-122.8692,66.2,48,9.22,20,US
Scarborough,2638419,54.2797,-0.4044,36.0,88,11.99,100,GB
Drymen,2652730,56.0655,-4.452,36.0,87,16.11,90,GB
‘Āhuimanu,5856516,21.4447,-157.8378,78.8,47,13.8,20,US
Grindavik,3416888,63.8424,-22.4338,33.8,60,20.71,0,IS
Camapuã,3468020,-19.5314,-54.0439,69.78,72,5.79,0,BR
Dashitou,2037820,43.3067,128.5114,3.9,86,5.28,0,CN
Yar-Sale,1486321,66.8333,70.8333,-27.92,86,16.15,100,RU
Hailar,2037078,49.2,119.7,-13.27,86,4.5,0,CN
Te Anau,2181625,-45.4167,167.7167,75.29,39,4.38,0,NZ
Moranbah,6533368,-22.0016,148.0466,89.65,49,7.16,100,AU
Kattivākkam,1267433,13.2167,80.3167,68.0,94,3.65,20,IN
Najrān,103630,17.4924,44.1277,59.0,47,3.44,0,SA
Vallenar,3868633,-28.5708,-70.7581,63.84,65,2.51,0,CL
Avera,4231997,33.194,-82.5271,41.0,88,10.36,90,US
Dongying,1812101,37.4564,118.4856,34.14,81,13.42,0,CN
Barcelos,2742416,41.5388,-8.6151,43.0,87,4.61,0,PT
Rāisinghnagar,1258950,29.5358,73.4492,47.77,58,1.43,0,IN
Bauchi,2347468,10.5,10.0,66.51,25,5.53,100,NG
Valdivia,3868707,-39.8142,-73.2459,64.4,77,4.61,0,CL
Chui,3443061,-33.6971,-53.4616,66.87,86,9.84,0,UY
La Ronge,6050066,55.1001,-105.2842,-22.0,63,4.61,74,CA
Talnakh,1490256,69.4865,88.3972,-29.31,72,1.83,0,RU
Santander,3109718,43.4647,-3.8044,46.0,87,6.91,75,ES
Ukiah,5404476,39.1502,-123.2078,71.6,33,3.44,1,US
Laguna,5364271,38.421,-121.4238,64.4,45,5.75,1,US
Batagay,2027044,67.6333,134.6333,-22.92,85,2.37,100,RU
Yeppoon,2142316,-23.1333,150.7333,93.2,49,8.05,17,AU
Olafsvik,3414079,64.8945,-23.7142,33.04,85,15.86,2,IS
Cairns,2172797,-16.9167,145.7667,88.0,70,4.61,75,AU
Bherāmāra,1185262,24.0232,88.9925,61.5,64,3.02,100,BD
Kapit,1737185,2.0167,112.9333,76.93,92,0.51,100,MY
Markova,701802,48.6758,24.4138,23.63,97,6.76,100,UA
Mobaye,237478,4.319,21.1786,68.79,32,3.0,17,CF
Auki,2109701,-8.7676,160.7034,78.12,86,8.25,100,SB
Harlingen,4696233,26.1906,-97.6961,73.4,56,14.97,1,US
Kisangani,212730,0.5167,25.2,70.36,63,0.98,0,CD
Luau,876177,-10.7073,22.2247,65.43,98,2.46,100,AO
Vanimo,2084442,-2.6741,141.3028,82.29,78,4.27,100,PG
Guerrero Negro,4021858,27.9769,-114.0611,65.89,47,12.28,0,MX
Hare Bay,5970873,48.8499,-54.0148,37.4,100,10.36,90,CA
Port Hedland,2063042,-20.3167,118.5667,84.2,61,10.36,0,AU
Sitka,5557293,57.0531,-135.33,35.6,60,11.5,40,US
Lázaro Cárdenas,4026082,17.9583,-102.2,75.49,72,3.31,0,MX
Arroyo de la Encomienda,3129371,41.6096,-4.7969,42.01,87,8.05,75,ES
Nishihara,1855342,26.1842,127.7558,69.8,73,10.36,20,JP
Bonavista,5905393,48.6499,-53.1147,37.4,93,3.44,100,CA
Vila Velha,3445026,-20.3297,-40.2925,82.0,88,4.61,75,BR
Puerto Madero,3520989,14.7208,-92.4215,82.4,65,5.75,1,MX
La Asuncion,3480908,11.0333,-63.8628,76.33,82,14.07,100,VE
Verkhnevilyuysk,2013639,63.4453,120.3167,-30.8,84,3.83,6,RU
Nova Russas,3393832,-4.7067,-40.5631,78.51,59,6.89,0,BR
Klaksvík,2618795,62.2266,-6.589,33.8,69,14.97,40,FO
The Valley,3573374,18.217,-63.0578,78.8,83,11.5,40,AI
Waipawa,2206874,-41.4122,175.5153,75.0,68,9.22,100,NZ
Los Llanos de Aridane,2514651,28.6585,-17.9182,60.8,77,9.22,0,ES
Sambava,1056899,-14.2667,50.1667,74.73,90,4.68,100,MG
Sakaiminato,1853174,35.55,133.2333,51.8,93,3.44,75,JP
Griffith,4920986,41.5284,-87.4237,12.2,85,5.75,90,US
Ponta do Sol,2264557,32.6667,-17.1,54.0,68,1.99,12,PT
Joshīmath,1268814,30.5667,79.5667,41.31,44,13.06,0,IN
Mollendo,3934707,-17.0231,-72.0147,71.35,80,4.29,100,PE
Ugoofaaru,1337619,5.6667,73.0,81.39,72,10.45,23,MV
Ketchikan,5554428,55.3422,-131.6461,37.4,80,9.22,75,US
Port Shepstone,964406,-30.7414,30.455,74.3,88,5.77,100,ZA
Nara,1855612,34.6851,135.8049,54.0,76,2.3,20,JP
Bom Jardim,3405339,-7.7958,-35.5872,75.2,83,12.66,0,BR
Pierre,5767918,44.3683,-100.351,3.2,47,3.44,1,US
Xining,1788852,36.6167,101.7667,21.74,68,2.24,95,CN
Ibotirama,3461525,-12.1853,-43.2206,72.59,89,0.85,100,BR
Prikubanskiy,505345,45.0015,41.1795,30.58,98,5.77,100,RU
Morondava,1058381,-20.2833,44.2833,79.74,82,8.84,3,MG
Faanui,4034551,-16.4833,-151.75,82.6,68,10.25,0,PF
Sawākin,367544,19.1059,37.3321,71.28,68,11.79,7,SD
Vredendal,3359736,-31.6683,18.5012,62.78,92,6.71,1,ZA
Codajás,3664525,-3.8367,-62.0569,75.67,97,0.83,100,BR
Llanes,3118304,43.4198,-4.7549,46.0,99,1.01,50,ES
Dutlwe,933787,-23.9833,23.9,66.43,92,11.45,100,BW
Staraya Kulatka,489164,52.7167,47.6167,-4.22,89,11.43,95,RU
Bria,239899,6.5423,21.9863,65.62,27,6.33,8,CF
Elko,5703673,41.0002,-115.5012,50.0,27,18.41,1,US
Bambous Virieux,1106677,-20.3428,57.7575,77.0,83,4.61,40,MU
Bubaque,2374583,11.2833,-15.8333,78.8,54,22.15,5,GW
Pijijiapan,3521476,15.7011,-93.23,73.04,58,2.33,0,MX
Zhigansk,2012530,66.7697,123.3711,-36.96,81,12.88,100,RU
Kabanjahe,1214965,3.1001,98.4908,77.0,94,2.3,40,ID
Abhar,145034,36.1468,49.218,41.13,89,0.6,100,IR
Isangel,2136825,-19.55,169.2667,86.0,79,5.75,20,VU
Shelburne,6145890,44.0787,-80.2041,17.6,73,11.5,90,CA
Gawler,2071059,-34.6,138.7333,66.0,70,3.0,72,AU
Saint-Louis,2246451,16.3333,-15.0,69.8,52,2.3,0,SN
Iranshahr,1160939,27.2025,60.6848,51.8,30,0.76,0,IR
Belle Fourche,5762718,44.6714,-103.8522,5.0,84,4.61,20,US
Wairoa,2206808,-39.0333,177.3667,68.0,61,4.0,30,NZ
Beruwala,1249931,6.4788,79.9828,74.61,90,5.46,75,LK
Beihai,1816705,21.4833,109.1,66.58,82,9.24,0,CN
Sayyan,70979,15.1718,44.3244,45.66,69,3.22,0,YE
Ankang,1789065,32.68,109.0172,50.0,24,8.01,100,CN
Walvis Bay,3359638,-22.9575,14.5053,64.0,88,5.75,1,NA
Nueve de Julio,3842881,-35.4444,-60.8831,73.99,64,8.25,0,AR
Leningradskiy,2123814,69.3833,178.4167,-10.07,74,5.01,29,RU
Tutóia,3385899,-2.7619,-42.2744,80.85,78,12.95,96,BR
Los Zacatones,3974149,22.95,-102.05,75.2,7,11.5,1,MX
Kenora,5991056,49.8167,-94.4337,-16.01,63,14.97,90,CA
Geraldton,2070998,-28.7667,114.6,71.6,78,24.16,75,AU
Abu Samrah,172515,35.3029,37.1841,49.06,73,4.54,0,SY
Lorengau,2092164,-2.0226,147.2712,85.77,67,5.73,100,PG
Milas,304355,37.3164,27.7839,42.8,100,1.14,0,TR
Menzel Salem,2469252,35.8567,8.4765,59.0,51,29.93,75,TN
Murygino,524243,58.7383,49.4582,-5.35,90,9.53,100,RU
Saint-Leu,6690297,-21.15,55.2833,77.0,61,4.38,91,RE
Mackay,2159220,-21.15,149.2,88.0,70,10.36,40,AU
Izhmorskiy,1505228,56.194,86.6414,25.83,97,10.04,90,RU
Caborca,3996893,30.5838,-111.101,73.99,18,5.99,0,MX
Pangody,1495626,65.85,74.4859,-15.93,87,15.41,100,RU
Socorro,5530932,31.6546,-106.3033,62.6,11,5.75,1,US
Itoman,1861280,26.1247,127.6694,69.8,73,10.36,20,JP
Kindu,212902,-2.95,25.95,70.72,92,0.87,92,CD
Archidona,2521673,37.0965,-4.3887,53.01,85,1.01,83,ES
Ostrovnoy,556268,68.0531,39.5131,8.11,92,10.74,100,RU
Eydhafushi,1337606,5.1033,73.0708,81.46,71,9.98,22,MV
Yerbogachën,2012956,61.2767,108.0108,-2.74,91,9.28,100,RU
Hamilton,4513583,39.1834,-84.5333,30.99,51,3.44,1,US
Grand Gaube,934479,-20.0064,57.6608,75.99,85,1.99,1,MU
Hervey Bay,2146219,-25.2986,152.8535,91.0,48,5.75,0,AU
Abu Dhabi,292968,24.4667,54.3667,66.2,52,6.91,0,AE
Iquitos,3696183,-3.7481,-73.2472,77.0,88,1.14,40,PE
Sturgis,5011428,41.7992,-85.4192,15.8,62,6.91,90,US
Weinan,1791636,34.5036,109.5089,45.0,68,4.47,0,CN
Nome,5870133,64.5011,-165.4064,17.6,79,4.61,90,US
Merauke,2082539,-8.4667,140.3333,85.46,71,14.27,97,ID
Las Cruces,5475352,32.3123,-106.7783,61.0,11,6.91,1,US
Kovernino,543494,57.1253,43.8142,-4.47,90,9.95,100,RU
Alihe,2038665,50.5667,123.7167,-9.35,83,2.98,0,CN
Puerto Rico,3429732,-26.796,-55.024,65.84,76,3.36,0,AR
Hasaki,2112802,35.7333,140.8333,50.0,53,2.3,20,JP
Termoli,6541934,41.9888,14.9895,53.78,53,10.02,79,IT
Rawson,3839307,-43.3002,-65.1023,58.5,69,21.63,6,AR
Saint-Pierre,935214,-21.3393,55.4781,78.8,73,4.61,75,RE
Inuvik,5983607,68.3499,-133.7218,-18.4,76,4.61,100,CA
Berdigestyakh,2026861,62.0989,126.6992,-34.96,81,4.23,14,RU
Green Valley,5296802,31.8543,-110.9937,69.8,13,10.36,1,US
Sarh,2425791,9.1429,18.3923,71.6,37,4.74,0,TD
Sahuaripa,3988265,29.05,-109.2333,65.79,27,1.7,0,MX
Mount Gambier,2156643,-37.8333,140.7667,60.8,77,14.97,90,AU
Mitsamiouli,921786,-11.3847,43.2844,81.86,75,6.44,97,KM
Port Victoria,200061,0.0939,33.9756,72.45,70,10.89,98,KE
Yulara,6355222,-25.2406,130.9889,82.4,26,21.85,1,AU
Flinders,6255012,-34.5833,150.8552,81.0,59,3.0,13,AU
Erice,2524815,38.037,12.5865,64.99,63,23.02,0,IT
Kaeo,2189343,-35.1,173.7833,69.01,76,8.99,99,NZ
Kaduna,2335727,10.5222,7.4383,69.06,24,7.16,100,NG
Sinnamary,3380290,5.3833,-52.95,77.58,87,14.9,100,GF
Sobolevo,525426,54.4299,31.8996,-4.43,92,8.43,66,RU
Rio Grande,3451138,-32.035,-52.0986,69.01,96,8.52,0,BR
Birjand,140463,32.8663,59.2211,44.6,15,11.5,0,IR
Wollongong,2171507,-34.4333,150.8833,82.99,61,3.0,7,AU
Tete,1026014,-16.1564,33.5867,80.6,83,4.61,40,MZ
Makakilo City,5850554,21.3469,-158.0858,78.8,44,13.8,1,US
Nyimba,900056,-14.5566,30.8149,68.07,91,4.63,100,ZM
Puri,1259184,19.8,85.85,64.4,77,3.44,0,IN
Middletown,4518264,39.5151,-84.3983,28.99,59,6.91,1,US
Shubarkuduk,608271,49.1447,56.4872,13.51,96,10.25,99,KZ
Camacha,2270385,33.0833,-16.3333,59.0,63,12.66,40,PT
Uglovskoye,1488632,51.3557,80.1942,32.5,97,26.82,100,RU
Longonjo,3347853,-12.9067,15.2533,63.39,72,2.48,100,AO
Marang,1734715,5.2056,103.2059,75.2,94,6.13,40,MY
Sittwe,1295765,20.15,92.9,60.91,63,5.91,0,MM
Kiryat Gat,293842,31.61,34.7642,55.99,100,1.74,0,IL
Marsh Harbour,3571913,26.5412,-77.0636,75.09,85,16.8,0,BS
Constitución,3893726,-35.3333,-72.4167,57.87,87,4.61,33,CL
Soyo,2236967,-6.1349,12.3689,80.02,87,8.7,92,AO
Erenhot,2037485,43.6475,111.9767,4.1,87,5.17,0,CN
Gamba,2400547,-2.65,10.0,78.67,86,5.7,100,GA
Jatai,3460064,-17.8814,-51.7144,69.22,89,4.94,93,BR
Portland,5746545,45.5234,-122.6762,46.99,87,20.71,90,US
Inírida,3671450,3.8653,-67.9239,75.56,95,2.57,100,CO
Niquelândia,3456285,-14.4739,-48.4597,69.46,95,2.91,100,BR
Ancud,3899695,-41.8697,-73.8203,66.2,52,6.91,0,CL
Ayan,2027316,56.45,138.1667,-1.48,90,14.09,100,RU
Udayagiri,1253992,20.1333,84.3833,54.37,49,3.51,0,IN
Ōdachō-ōda,1854774,35.1833,132.5,51.8,71,13.8,75,JP
Samarai,2132606,-10.6167,150.6667,86.27,68,4.43,47,PG
Pacific Grove,5380437,36.6177,-121.9166,59.0,82,5.75,1,US
Presidente Olegário,3452327,-18.4178,-46.4181,69.01,100,5.12,100,BR
Brae,2654970,60.3964,-1.353,33.8,64,16.11,90,GB
Menongue,3347353,-14.6585,17.691,65.66,93,4.94,100,AO
Frontera,3980180,26.9333,-101.45,66.11,26,10.56,0,MX
Laas,3175096,46.6166,10.7002,39.0,100,11.5,90,IT
Abasolo,4019869,20.45,-101.5167,80.6,9,8.05,40,MX
North Platte,5697939,41.1239,-100.7654,10.4,67,8.05,90,US
Sovetskiy,1491230,61.3614,63.5842,-9.87,90,13.53,100,RU
Port-Cartier,6111696,50.0334,-66.8654,30.2,80,11.5,100,CA
Bani Walid,2218840,31.7566,13.9942,66.15,26,12.15,100,LY
Chunhuhub,3530691,19.55,-88.6833,77.99,77,4.34,0,MX
Mount Isa,2065594,-20.7333,139.5,77.0,94,9.22,90,AU
Namatanai,2090021,-3.6667,152.4333,84.74,67,4.85,95,PG
Panabá,3521972,21.2833,-88.2667,78.24,75,12.5,0,MX
Sept-Îles,6144312,50.2001,-66.3821,30.2,80,11.5,100,CA
Nova Odesa,699811,47.3078,31.7851,27.03,84,7.56,98,UA
Gönen,746574,40.1049,27.654,48.2,93,3.44,0,TR
Goderich,5962442,43.7501,-81.7165,21.2,63,14.97,100,CA
Nanortalik,3421765,60.1432,-45.2371,24.17,87,9.69,100,GL
Ikalamavony,1064258,-21.15,46.5833,69.48,83,0.65,100,MG
Faya,110690,18.3851,42.4509,46.4,81,1.88,20,SA
Ampanihy,1078553,-24.7,44.75,73.67,95,3.91,17,MG
Ola,2122574,59.5833,151.2833,15.51,88,14.38,100,RU
São Filipe,3374210,14.8961,-24.4956,69.4,75,15.79,18,CV
Saint Lawrence,2562619,36.0553,14.204,60.8,94,9.22,0,MT
Oga,3175788,46.4631,10.347,51.01,100,1.14,90,IT
Slave Lake,6149374,55.2834,-114.769,-23.8,76,5.75,1,CA
São Lourenço da Mata,3388376,-8.0022,-35.0183,78.8,73,6.91,20,BR
Santa Cruz,2561668,30.4202,-9.5982,51.8,93,10.36,20,MA
Haines Junction,5969025,60.7522,-137.5108,-14.8,70,1.14,60,CA
Bukachacha,2026023,52.9833,116.9167,-10.84,83,2.08,88,RU
Cruzeiro do Sul,3465080,-29.5128,-51.9853,66.99,92,1.28,1,BR
Tāki,1255211,22.5861,88.9214,66.2,68,6.91,75,IN
Codrington,2171099,-38.2667,141.9667,59.81,66,11.95,100,AU
Sistranda,3139597,63.7256,8.834,21.2,79,9.22,40,NO
Taoudenni,2450173,22.6783,-3.9836,60.71,33,10.87,97,ML
Hambantota,1244926,6.1241,81.1185,71.6,100,3.44,0,LK
Montrose,5431716,38.4166,-108.2673,48.2,24,11.5,90,US
Necochea,3430443,-38.5473,-58.7368,61.0,78,12.44,0,AR
Rome,5134295,43.2128,-75.4557,23.0,50,4.61,1,US
Matamoros,3996426,25.5333,-103.25,78.8,7,8.41,1,MX
San Ramon,5392593,37.7799,-121.978,66.2,24,11.5,1,US
Texarkana,4736096,33.4251,-94.0477,43.0,87,12.66,90,US
Altay,1529651,47.8667,88.1167,21.34,86,3.67,0,CN
North Bend,5742974,43.4065,-124.2243,50.0,81,4.61,90,US
Mineiros,3457147,-17.5694,-52.5511,69.19,92,4.52,96,BR
Synya,485215,65.3718,58.0387,-26.72,84,8.72,100,RU
Staryy Nadym,1490918,65.6118,72.6842,-15.68,88,16.87,100,RU
Cayenne,3382160,4.9333,-52.3333,77.0,100,1.14,90,GF
Bismarck,5688025,46.8083,-100.7837,-2.2,50,6.91,1,US
Rome,4219762,34.257,-85.1647,37.4,87,6.91,90,US
Ambon City,1651531,-3.6954,128.1814,84.2,79,4.61,40,ID
Wanaka,2184707,-44.7,169.15,75.85,35,4.72,0,NZ
Alice Springs,2077895,-23.7,133.8833,84.99,29,16.11,9,AU
Arlit,2447513,18.7369,7.3853,65.41,23,7.18,100,NE
Neiafu,4032420,-18.65,-173.9833,78.8,94,9.22,90,TO
Coahuayana Viejo,4013679,18.7333,-103.6833,77.0,69,2.57,1,MX
Richards Bay,962367,-28.783,32.0377,72.88,86,9.42,6,ZA
Nyurba,2018735,63.2842,118.3319,-29.85,84,2.91,81,RU
Henties Bay,3356832,-22.116,14.2845,64.0,90,1.99,0,NA
Séguéla,2596934,7.9611,-6.6731,81.12,48,5.17,100,CI
Vanavara,2013727,60.34,102.2797,10.36,95,9.64,100,RU
Golāghāt,1271050,26.5167,93.9667,56.97,74,2.75,10,IN
Belyy Yar,1510377,53.6039,91.3903,3.2,92,2.24,3,RU
Paita,3694112,-5.0892,-81.1144,74.82,76,14.29,100,PE
Shiyan,1794903,32.6475,110.7781,52.92,46,1.57,100,CN
Ilulissat,3423146,69.2167,-51.1,26.6,33,26.46,0,GL
Beloha,1067565,-25.1667,45.05,74.1,95,3.78,22,MG
Coburg,2939951,50.2667,10.9667,36.0,89,1.99,100,DE
Loa Janan,1637510,-0.583,117.095,79.68,85,2.26,100,ID
Predivinsk,1494237,57.0669,93.4378,24.55,96,7.9,100,RU
Trabzon Province,738647,40.9167,39.8333,53.6,54,8.05,0,TR
Gradiška,3203656,45.1411,17.25,37.4,100,3.44,0,BA
Ahipara,2194098,-35.1667,173.1667,70.63,61,2.21,100,NZ
Yumen,1528998,40.2833,97.2,27.23,67,1.97,100,CN
Kyra,2021041,49.5776,111.9753,-3.98,84,3.31,100,RU
Suez,359796,29.9737,32.5263,58.66,63,3.98,0,EG
Banjar,1650232,-8.19,114.9675,82.4,83,3.44,20,ID
Kudahuvadhoo,1337607,2.6708,72.8944,80.96,78,14.76,2,MV
Ratnagiri,1258338,16.9833,73.3,73.36,36,6.98,0,IN
Ambilobe,1082243,-13.2,49.05,72.9,94,2.73,99,MG
Gairo,2524683,39.8497,9.5047,59.0,77,19.57,90,IT
Touros,3386213,-5.1989,-35.4608,78.8,83,4.61,20,BR
Ha Giang,1581349,22.8333,104.9833,66.36,73,0.31,88,VN
Batagay-Alyta,2027042,67.8006,130.4114,-27.0,83,1.63,100,RU
Ponta Delgada,3372783,37.7333,-25.6667,59.0,94,23.02,75,PT
Skellefteå,602913,64.7507,20.9528,16.0,86,8.05,40,SE
Qasigiannguit,3420768,68.8193,-51.1922,26.6,33,26.46,0,GL
Half Moon Bay,5354943,37.4636,-122.4286,66.2,76,12.66,1,US
Stezzano,3166151,45.6507,9.6493,46.99,93,5.75,75,IT
Denpasar,1645528,-8.65,115.2167,80.6,89,3.44,20,ID
Newcastle,2155472,-32.9272,151.7765,81.0,69,8.05,80,AU
Yarmouth,4956335,41.7057,-70.2286,39.99,48,12.66,1,US
Nhulunbuy,2064735,-12.2333,136.7667,86.0,70,10.36,40,AU
İskenderun,311111,36.5872,36.1735,53.6,71,6.91,0,TR
Solnechnyy,2016307,50.7214,136.6319,-0.26,88,5.7,100,RU
Poplar Bluff,4404233,36.757,-90.3929,33.01,93,5.75,90,US
Muros,3115824,42.7762,-9.0603,37.99,95,3.0,96,ES
Aksu,1529660,41.1231,80.2644,29.01,76,3.15,100,CN
Samfya,899274,-11.3649,29.5565,67.17,93,8.66,100,ZM
Korsholm,651299,63.1142,21.6822,23.0,86,9.22,75,FI
Srednekolymsk,2121025,67.45,153.6833,-14.62,83,0.98,0,RU
Merrill,5262680,45.1805,-89.6835,-2.2,59,10.36,1,US
Torgelow,2821802,53.6333,14.0167,19.0,85,17.9,100,DE
Mayo,4362001,38.8876,-76.5119,43.0,61,4.61,1,US
Ginda,1253628,30.6945,78.4932,40.23,52,7.43,0,IN
Pasaje,3653403,-3.3333,-79.8167,78.35,70,1.39,31,EC
Zhuhai,1790437,22.2769,113.5678,70.0,94,5.75,0,CN
Huarmey,3939168,-10.0681,-78.1522,71.04,77,7.27,100,PE
Hofn,2630299,64.2539,-15.2082,32.13,95,17.9,99,IS
Ribas do Rio Pardo,3451399,-20.4431,-53.7592,68.97,75,4.92,0,BR
Longyearbyen,2729907,78.2186,15.6401,17.6,79,11.5,75,SJ
Alofi,4036284,-19.0595,-169.9187,86.0,74,11.5,100,NU
Harper,2276492,4.375,-7.7169,79.41,87,9.8,0,LR
Bereda,3105522,43.2686,-7.5406,37.0,100,1.99,98,ES
Cockburn Town,3576994,21.4612,-71.1419,77.0,78,17.27,40,TC
Waingapu,1622318,-9.6567,120.2641,83.44,71,8.72,2,ID
Weligama,1223738,5.9667,80.4167,74.44,89,5.7,74,LK
Krasnaya Gorka,542769,55.1962,56.6673,-2.25,90,14.72,100,RU
Ilhéus,3461408,-14.7889,-39.0494,82.4,83,5.75,40,BR
Oranjestad,3577154,12.524,-70.027,78.8,73,21.85,20,AW
Ambulu,1621313,-8.345,113.6058,80.71,79,1.52,65,ID
Paide,589709,58.8856,25.5572,5.68,94,4.09,0,EE
Dongsheng,1812256,39.8161,109.9776,19.2,79,8.25,0,CN
Samaná,3492997,19.2056,-69.3369,74.86,81,9.93,100,DO
Mahon,2514301,39.8885,4.2658,55.4,88,10.36,20,ES
Makkah al Mukarramah,104515,21.4267,39.8261,64.63,59,5.59,0,SA
Marivan,97572,35.5219,46.176,43.83,85,2.86,100,IR
Englehart,5948844,47.8169,-79.8664,10.4,72,12.66,1,CA
Paramonga,3933024,-10.6667,-77.8333,70.66,80,5.82,100,PE
Curup,1645875,-3.4667,102.5333,73.62,77,1.52,63,ID
Praia da Vitória,3372760,38.7333,-27.0667,60.8,82,13.89,20,PT
Sri Aman,1735799,1.2376,111.4621,77.0,100,1.43,40,MY
El Jícaro,3596940,14.9167,-89.9,93.2,33,0.81,0,GT
Chapais,5919850,49.7834,-74.8492,14.0,79,10.36,90,CA
Tazovsky,1489853,67.4667,78.7,-25.33,86,10.47,44,RU
Höganäs,2706003,56.1997,12.558,19.4,63,13.8,0,SE
Qinzhou,1797551,21.95,108.6167,67.86,76,5.86,1,CN
Luxor,360502,25.6989,32.6421,53.02,73,2.42,0,EG
Syracuse,2523082,37.0881,15.2792,51.8,100,6.91,90,IT
George,1002145,-33.963,22.4617,66.2,94,8.05,75,ZA
Pilar,3392126,-9.5972,-35.9567,77.0,88,9.22,0,BR
